<?xml version="1.0" encoding="UTF-8"?>
<beans xmlns="http://www.springframework.org/schema/beans"
       xmlns:xsi="http://www.w3.org/2001/XMLSchema-instance"
       xmlns:rabbit="http://www.springframework.org/schema/rabbit"
       xsi:schemaLocation="http://www.springframework.org/schema/beans
        http://www.springframework.org/schema/beans/spring-beans.xsd
        http://www.springframework.org/schema/rabbit
        http://www.springframework.org/schema/rabbit/spring-rabbit.xsd">

    <rabbit:connection-factory id="connectionFactory"
                               host="node1"
                               virtual-host="/"
                               username="root"
                               password="123456"
                               port="5672" />

    <rabbit:admin id="rabbitAdmin" connection-factory="connectionFactory"/>

    <rabbit:template id="rabbitTemplate" connection-factory="connectionFactory" />

    <!--声明一个消息队列-->
    <rabbit:queue id="q1" name="queue.q1" durable="false" exclusive="false" auto-delete="false" />

    <rabbit:listener-container connection-factory="connectionFactory">
<!--        <rabbit:listener ref="" method="" queues="q1" />-->
        <rabbit:listener ref="messageListener" queues="q1" />
    </rabbit:listener-container>

    <bean id="messageListener" class="com.lagou.rabbitmq.demo.MyMessageListener"/>

</beans>